customer_id,customer_name,email,gender,date_of_birth,signup_date,country,city
CUST00001,Mason Martin,mason.martin143@yahoo.ca,Male,1967-10-19,2024-04-24,Canada,Vancouver
CUST00002,Leon Fischer,leon.fischer518@web.de,Male,1977-11-02,2024-08-23,Germany,Berlin
CUST00003,Noah Thomas,noah.thomas829@outlook.com,Female,1974-04-28,2024-11-30,Australia,Sydney
CUST00004,Finn Fischer,finn.fischer105@gmx.de,Female,1994-01-31,2021-07-18,Germany,Munich
CUST00005,Lily Brown,lily.brown748@gmail.com,Female,1971-03-14,2023-02-15,UK,Edinburgh
CUST00006,Ava Garcia,ava.garcia722@yahoo.com,Female,1964-02-10,2024-09-16,USA,Los Angeles
CUST00007,George Taylor,george.taylor390@gmail.com,Female,2000-09-04,2024-07-25,UK,Glasgow
CUST00008,Fatima Al Rashid,fatima.alrashid687@yahoo.com,Male,1966-05-28,2024-06-01,UAE,Ras Al Khaimah
CUST00009,Ethan Taylor,ethan.taylor277@hotmail.ca,Male,1989-02-03,2021-04-25,Canada,Calgary
CUST00010,Amelia Evans,amelia.evans68@outlook.co.uk,Male,1988-03-25,2022-03-12,UK,Leeds
CUST00011,Ava Williams,ava.williams143@outlook.com,Female,1983-07-28,2024-04-12,Australia,Perth
CUST00012,Mia Fischer,mia.fischer522@web.de,Female,1968-02-26,2021-04-07,Germany,Dresden
CUST00013,Ali Saeed,ali.saeed395@gmail.com,Male,2001-12-28,2023-12-20,UAE,Al Ain
CUST00014,George Thomas,george.thomas788@outlook.co.uk,Male,1970-01-03,2022-08-25,UK,Liverpool
CUST00015,Lukas Weber,lukas.weber520@web.de,Female,1986-10-10,2024-08-01,Germany,Munich
CUST00016,Finn Meyer,finn.meyer553@web.de,Male,1989-01-29,2023-09-28,Germany,Berlin
CUST00017,David Brown,david.brown247@gmail.com,Female,1967-09-07,2023-09-23,USA,Los Angeles
CUST00018,Ali Khalifa,ali.khalifa272@yahoo.com,Male,1979-01-01,2024-01-10,UAE,Al Ain
CUST00019,Thomas Anderson,thomas.anderson449@outlook.com,Male,1970-11-09,2022-05-23,Australia,Hobart
CUST00020,Oliver Roberts,oliver.roberts603@yahoo.co.uk,Female,1960-08-23,2021-05-26,UK,Leeds
CUST00021,Noah Jones,noah.jones881@gmail.com,Male,1966-05-10,2023-11-19,Australia,Canberra
CUST00022,Jack Thomas,jack.thomas741@yahoo.co.uk,Female,1981-10-19,2023-08-27,UK,Edinburgh
CUST00023,Ahmed Al Nahyan,ahmed.alnahyan363@hotmail.com,Male,1996-11-17,2023-08-15,UAE,Al Ain
CUST00024,Ahmed Al Maktoum,ahmed.almaktoum746@hotmail.com,Male,1969-10-20,2022-05-25,UAE,Fujairah
CUST00025,Robert Miller,robert.miller286@yahoo.com,Female,1982-05-30,2021-06-04,USA,Miami
CUST00026,Lukas Schulz,lukas.schulz993@gmail.com,Male,1981-03-16,2021-12-07,Germany,Munich
CUST00027,Jonas Wagner,jonas.wagner169@gmail.com,Female,1960-03-11,2023-03-11,Germany,Düsseldorf
CUST00028,Charlie Evans,charlie.evans159@hotmail.co.uk,Female,1986-08-14,2022-03-22,UK,Leeds
CUST00029,Ana Silva,ana.silva599@gmail.com,Male,2005-02-10,2023-12-24,Brazil,Recife
CUST00030,Robert Johnson,robert.johnson692@gmail.com,Male,1996-03-22,2021-09-03,USA,Houston
CUST00031,Mei Koh,mei.koh635@gmail.com,Male,1997-08-11,2024-09-08,Singapore,Jurong
CUST00032,Mason Martin,mason.martin245@outlook.com,Female,1995-07-05,2021-09-26,Canada,Ottawa
CUST00033,Ava Taylor,ava.taylor10@gmail.com,Female,1968-12-20,2021-05-31,Australia,Hobart
CUST00034,Ethan Wilson,ethan.wilson901@gmail.com,Female,1993-02-24,2022-08-07,Canada,Calgary
CUST00035,Ava Wilson,ava.wilson684@gmail.com,Female,1969-04-17,2021-10-03,USA,Phoenix
CUST00036,Emily Williams,emily.williams289@outlook.co.uk,Male,1990-10-05,2022-02-21,UK,Leeds
CUST00037,Isla Thomas,isla.thomas928@outlook.com,Female,1968-04-12,2024-07-23,Australia,Sydney
CUST00038,Lukas Müller,lukas.müller790@gmx.de,Female,1983-07-02,2021-11-27,Germany,Hamburg
CUST00039,Isla Smith,isla.smith78@gmail.com,Female,1963-03-26,2023-01-27,Australia,Brisbane
CUST00040,Emma Tremblay,emma.tremblay316@gmail.com,Male,1963-07-31,2023-01-03,Canada,Edmonton
CUST00041,George Davies,george.davies998@hotmail.co.uk,Male,1981-03-28,2021-11-29,UK,Birmingham
CUST00042,Julia Silva,julia.silva755@yahoo.com.br,Male,1996-12-08,2024-10-03,Brazil,Manaus
CUST00043,Khalid Hassan,khalid.hassan392@gmail.com,Male,2002-03-24,2022-04-01,UAE,Dubai
CUST00044,Emma Jones,emma.jones229@yahoo.com,Female,1977-04-29,2023-03-28,USA,New York
CUST00045,Charlie Davies,charlie.davies696@hotmail.co.uk,Male,1962-06-23,2021-08-25,UK,Liverpool
CUST00046,Ming Koh,ming.koh40@outlook.com,Female,1998-12-26,2022-12-09,Singapore,Jurong
CUST00047,Olivia Harris,olivia.harris395@gmail.com,Female,1982-11-07,2021-04-01,Australia,Perth
CUST00048,Isla White,isla.white373@yahoo.com.au,Male,1966-04-11,2024-09-22,Australia,Gold Coast
CUST00049,Jun Ong,jun.ong683@outlook.com,Female,1989-04-06,2023-04-05,Singapore,Punggol
CUST00050,Noah Anderson,noah.anderson694@bigpond.com,Male,1986-12-31,2023-04-12,Australia,Brisbane
CUST00051,Mason Roy,mason.roy441@yahoo.ca,Male,2001-09-18,2023-06-24,Canada,Edmonton
CUST00052,Sofia Becker,sofia.becker675@web.de,Male,1985-06-17,2023-11-22,Germany,Munich
CUST00053,William Brown,william.brown231@outlook.com,Female,1973-03-21,2021-02-20,Australia,Perth
CUST00054,Ava Johnson,ava.johnson425@icloud.com,Female,1994-06-13,2023-10-10,USA,Houston
CUST00055,Lukas Schmidt,lukas.schmidt225@t-online.de,Male,2006-06-20,2023-08-10,Germany,Hamburg
CUST00056,Michael Davis,michael.davis821@yahoo.com,Male,1988-06-19,2023-06-26,USA,Miami
CUST00057,Charlotte Taylor,charlotte.taylor762@yahoo.ca,Female,2000-05-17,2022-06-15,Canada,Quebec City
CUST00058,Isla Thomas,isla.thomas282@yahoo.com.au,Female,1966-12-13,2022-08-09,Australia,Hobart
CUST00059,Amelia Thomas,amelia.thomas142@gmail.com,Female,1980-09-29,2023-02-24,UK,Birmingham
CUST00060,William Anderson,william.anderson339@bigpond.com,Male,1997-04-20,2021-05-08,Australia,Hobart
CUST00061,Isla Roberts,isla.roberts878@gmail.com,Female,2002-10-16,2021-01-13,UK,Bristol
CUST00062,Yi Goh,yi.goh500@yahoo.com.sg,Female,1984-06-26,2023-06-12,Singapore,Woodlands
CUST00063,Mia Wagner,mia.wagner861@web.de,Female,1971-06-14,2024-06-28,Germany,Dresden
CUST00064,Sophia White,sophia.white86@gmail.com,Female,1972-03-04,2023-08-04,Canada,Winnipeg
CUST00065,Olivia Garcia,olivia.garcia466@yahoo.com,Female,1990-04-12,2023-02-16,USA,Dallas
CUST00066,Charlie Jones,charlie.jones20@hotmail.co.uk,Female,1991-05-25,2022-04-05,UK,London
CUST00067,Oliver Brown,oliver.brown860@yahoo.com.au,Male,1973-09-02,2022-05-04,Australia,Sydney
CUST00068,Ava Brown,ava.brown717@icloud.com,Male,1993-02-03,2021-12-10,USA,Phoenix
CUST00069,Ethan Roy,ethan.roy593@gmail.com,Male,1987-12-27,2024-03-25,Canada,Toronto
CUST00070,Olivia Brown,olivia.brown607@gmail.com,Female,1969-02-21,2024-11-28,Australia,Perth
CUST00071,Layla Al Maktoum,layla.almaktoum546@outlook.com,Male,1993-03-30,2021-05-22,UAE,Al Ain
CUST00072,Lukas Wagner,lukas.wagner109@t-online.de,Female,1992-06-29,2024-07-25,Germany,Düsseldorf
CUST00073,Ming Goh,ming.goh752@yahoo.com.sg,Female,2003-05-18,2023-08-11,Singapore,Bedok
CUST00074,Mia Fischer,mia.fischer286@gmail.com,Female,1981-11-16,2023-08-10,Germany,Dresden
CUST00075,Olivia Smith,olivia.smith872@hotmail.ca,Female,1976-04-24,2023-09-26,Canada,Edmonton
CUST00076,Amelia Brown,amelia.brown570@outlook.co.uk,Female,2006-05-07,2022-01-27,UK,London
CUST00077,Sophia Wilson,sophia.wilson708@yahoo.com,Female,2004-01-13,2023-07-07,USA,Miami
CUST00078,Khalid Ibrahim,khalid.ibrahim709@hotmail.com,Male,1987-06-21,2024-09-21,UAE,Ajman
CUST00079,Charlotte Johnson,charlotte.johnson436@outlook.com,Female,1991-07-25,2024-12-10,Canada,Edmonton
CUST00080,Noah Fischer,noah.fischer739@gmail.com,Female,1988-04-22,2021-09-02,Germany,Frankfurt
CUST00081,Noah Brown,noah.brown284@bigpond.com,Male,1969-01-07,2022-02-02,Australia,Adelaide
CUST00082,Harry Brown,harry.brown726@gmail.com,Female,1984-08-10,2021-04-04,UK,Birmingham
CUST00083,Matheus Pereira,matheus.pereira894@gmail.com,Female,1985-07-05,2023-08-20,Brazil,São Paulo
CUST00084,Finn Müller,finn.müller964@gmx.de,Female,1970-03-27,2021-05-14,Germany,Dresden
CUST00085,Lena Müller,lena.müller153@web.de,Male,1967-08-23,2022-05-24,Germany,Cologne
CUST00086,Ava Taylor,ava.taylor795@yahoo.com,Female,2000-06-01,2023-06-26,USA,Seattle
CUST00087,Charlie Roberts,charlie.roberts625@gmail.com,Female,1978-08-22,2024-07-05,UK,Manchester
CUST00088,Harry Taylor,harry.taylor566@yahoo.co.uk,Male,1974-01-16,2021-01-06,UK,Manchester
CUST00089,Noah Müller,noah.müller296@web.de,Female,2000-09-24,2021-05-26,Germany,Cologne
CUST00090,Mia Brown,mia.brown118@bigpond.com,Female,1973-05-14,2022-06-29,Australia,Perth
CUST00091,Mohammed Hassan,mohammed.hassan610@outlook.com,Male,1999-05-26,2021-09-12,UAE,Ras Al Khaimah
CUST00092,Emma Weber,emma.weber449@t-online.de,Female,1963-07-30,2023-06-04,Germany,Munich
CUST00093,Oliver Jones,oliver.jones985@yahoo.com.au,Female,1984-03-06,2024-03-26,Australia,Sydney
CUST00094,Sophia Wilson,sophia.wilson939@icloud.com,Male,1976-04-13,2024-04-13,USA,Phoenix
CUST00095,Leon Becker,leon.becker419@gmx.de,Female,1988-10-20,2024-10-04,Germany,Stuttgart
CUST00096,Emma Miller,emma.miller296@icloud.com,Male,1963-04-17,2023-07-21,USA,Seattle
CUST00097,Emma Johnson,emma.johnson886@icloud.com,Female,2001-06-12,2023-04-27,USA,New York
CUST00098,Ava Davis,ava.davis779@icloud.com,Female,1978-04-06,2022-07-01,USA,New York
CUST00099,Ava Taylor,ava.taylor30@gmail.com,Female,1974-03-17,2022-09-29,Canada,Calgary
CUST00100,Noah Martin,noah.martin473@gmail.com,Female,1973-10-24,2023-10-18,Canada,Vancouver
CUST00101,Ling Ong,ling.ong855@singnet.com.sg,Female,2002-05-13,2022-05-15,Singapore,Sengkang
CUST00102,Emma Fischer,emma.fischer885@web.de,Male,1984-10-13,2023-04-30,Germany,Munich
CUST00103,Oliver Brown,oliver.brown858@outlook.co.uk,Female,1973-05-01,2023-07-04,UK,Edinburgh
CUST00104,Olivia Johnson,olivia.johnson467@hotmail.ca,Female,1976-12-03,2024-11-29,Canada,Edmonton
CUST00105,Jack Evans,jack.evans326@gmail.com,Female,1994-03-15,2023-03-02,UK,Edinburgh
CUST00106,Beatriz Silva,beatriz.silva515@yahoo.com.br,Male,1969-01-01,2023-06-21,Brazil,Manaus
CUST00107,James Williams,james.williams892@icloud.com,Female,1966-09-17,2023-08-20,USA,Chicago
CUST00108,Fatima Mansoor,fatima.mansoor666@hotmail.com,Female,1989-06-23,2024-10-13,UAE,Abu Dhabi
CUST00109,Fatima Khalifa,fatima.khalifa633@gmail.com,Female,1981-01-22,2024-07-16,UAE,Abu Dhabi
CUST00110,Noah Jones,noah.jones101@bigpond.com,Female,1999-10-21,2021-12-07,Australia,Melbourne
CUST00111,Oliver Taylor,oliver.taylor301@gmail.com,Male,1993-08-17,2023-06-02,Australia,Canberra
CUST00112,Ava Williams,ava.williams180@yahoo.com,Female,1994-04-27,2024-06-23,USA,Los Angeles
CUST00113,Mia Williams,mia.williams473@yahoo.com.au,Female,2001-03-25,2022-06-07,Australia,Adelaide
CUST00114,Thomas White,thomas.white76@yahoo.com.au,Female,1991-01-01,2024-04-18,Australia,Hobart
CUST00115,Charlie Wilson,charlie.wilson204@outlook.co.uk,Female,2003-05-08,2021-08-07,UK,Bristol
CUST00116,Lily Brown,lily.brown23@outlook.co.uk,Female,1984-08-16,2021-01-17,UK,Bristol
CUST00117,Sophia Taylor,sophia.taylor795@outlook.com,Male,1991-08-10,2022-03-25,Canada,Calgary
CUST00118,Ethan Brown,ethan.brown317@gmail.com,Female,1962-12-29,2024-04-01,Canada,Quebec City
CUST00119,Leon Weber,leon.weber766@gmx.de,Male,1975-10-04,2022-02-16,Germany,Düsseldorf
CUST00120,Isabella Wilson,isabella.wilson851@outlook.com,Female,1983-01-20,2023-09-14,USA,Chicago
CUST00121,Ana Santos,ana.santos987@uol.com.br,Female,1972-08-17,2022-04-08,Brazil,Rio de Janeiro
CUST00122,Sara Al Rashid,sara.alrashid810@gmail.com,Female,1961-04-01,2022-06-26,UAE,Al Ain
CUST00123,Olivia Roy,olivia.roy843@hotmail.ca,Female,1969-09-20,2024-10-14,Canada,Edmonton
CUST00124,Lily Thomas,lily.thomas938@outlook.co.uk,Male,1965-09-02,2024-07-25,UK,Leeds
CUST00125,Aisha Al Nahyan,aisha.alnahyan47@yahoo.com,Female,1987-04-22,2023-10-06,UAE,Dubai
CUST00126,Isabella Williams,isabella.williams465@icloud.com,Male,1997-08-07,2024-04-17,USA,Dallas
CUST00127,Olivia Jones,olivia.jones631@bigpond.com,Male,1985-02-04,2021-03-09,Australia,Gold Coast
CUST00128,Ava Thomas,ava.thomas876@yahoo.com.au,Male,1968-11-29,2024-11-05,Australia,Canberra
CUST00129,Lukas Wagner,lukas.wagner195@gmx.de,Female,2000-10-17,2021-07-07,Germany,Munich
CUST00130,Oliver Taylor,oliver.taylor129@yahoo.com.au,Male,1966-02-26,2024-02-10,Australia,Perth
CUST00131,Jack Davies,jack.davies808@yahoo.co.uk,Male,1984-11-15,2021-10-24,UK,London
CUST00132,Matheus Santos,matheus.santos135@gmail.com,Female,1992-02-20,2022-05-03,Brazil,São Paulo
CUST00133,Ethan Roy,ethan.roy130@gmail.com,Male,1970-03-13,2021-05-11,Canada,Winnipeg
CUST00134,Sofia Hoffmann,sofia.hoffmann463@gmail.com,Female,1963-11-21,2024-09-11,Germany,Frankfurt
CUST00135,Liam Smith,liam.smith868@hotmail.ca,Female,1998-03-30,2024-11-06,Canada,Winnipeg
CUST00136,Michael Johnson,michael.johnson623@outlook.com,Female,1965-11-22,2021-09-16,USA,Chicago
CUST00137,Isla Roberts,isla.roberts465@outlook.co.uk,Female,1968-11-23,2024-12-08,UK,Bristol
CUST00138,Olivia Davis,olivia.davis424@yahoo.com,Male,2000-09-07,2023-03-28,USA,Dallas
CUST00139,Mia Wagner,mia.wagner682@gmx.de,Male,1993-07-31,2021-11-09,Germany,Cologne
CUST00140,William Jones,william.jones96@gmail.com,Female,1968-08-30,2023-02-03,Australia,Gold Coast
CUST00141,Layla Hamdan,layla.hamdan687@outlook.com,Male,1996-11-08,2022-12-26,UAE,Abu Dhabi
CUST00142,Wei Ong,wei.ong361@outlook.com,Female,2005-07-09,2022-03-12,Singapore,Jurong
CUST00143,William Johnson,william.johnson866@outlook.com,Female,1970-04-22,2022-07-25,USA,Dallas
CUST00144,Charlotte White,charlotte.white624@gmail.com,Female,1962-08-06,2022-01-05,Canada,Ottawa
CUST00145,Amelia Davies,amelia.davies186@gmail.com,Female,1995-12-15,2021-05-23,UK,Birmingham
CUST00146,Michael Wilson,michael.wilson386@yahoo.com,Male,2000-09-12,2022-11-30,USA,Seattle
CUST00147,Emma Taylor,emma.taylor905@gmail.com,Female,1973-12-16,2021-11-19,USA,New York
CUST00148,William Wilson,william.wilson678@bigpond.com,Male,2003-07-28,2024-05-28,Australia,Gold Coast
CUST00149,Jonas Schulz,jonas.schulz354@gmail.com,Female,1969-12-12,2022-08-04,Germany,Düsseldorf
CUST00150,Isla Wilson,isla.wilson226@gmail.com,Female,1964-11-30,2021-01-16,Australia,Gold Coast
CUST00151,Harry Brown,harry.brown336@outlook.co.uk,Male,1960-09-10,2023-10-16,UK,Manchester
CUST00152,Jack Anderson,jack.anderson513@yahoo.com.au,Male,1966-06-19,2023-03-25,Australia,Canberra
CUST00153,Aisha Al Maktoum,aisha.almaktoum944@hotmail.com,Male,1988-02-01,2024-03-25,UAE,Abu Dhabi
CUST00154,Emma Weber,emma.weber415@gmail.com,Female,1989-02-19,2021-12-18,Germany,Berlin
CUST00155,Fatima Al Nahyan,fatima.alnahyan865@hotmail.com,Female,1981-10-29,2023-06-12,UAE,Abu Dhabi
CUST00156,Emma Roy,emma.roy227@outlook.com,Male,1975-01-31,2021-06-06,Canada,Edmonton
CUST00157,Charlotte Johnson,charlotte.johnson928@yahoo.ca,Male,1991-07-01,2024-08-14,Canada,Edmonton
CUST00158,Ahmed Hassan,ahmed.hassan203@outlook.com,Male,1973-09-18,2024-09-04,UAE,Sharjah
CUST00159,Sophia Taylor,sophia.taylor698@icloud.com,Female,1988-05-12,2021-11-06,USA,Dallas
CUST00160,Hannah Weber,hannah.weber606@gmx.de,Female,1991-07-29,2023-11-06,Germany,Berlin
CUST00161,Sophia Smith,sophia.smith378@gmail.com,Female,1966-11-19,2024-08-13,USA,Phoenix
CUST00162,Layla Mansoor,layla.mansoor474@hotmail.com,Male,2000-05-06,2024-03-16,UAE,Dubai
CUST00163,Mia Thomas,mia.thomas981@yahoo.com.au,Female,2000-06-01,2021-07-31,Australia,Sydney
CUST00164,Ahmed Hamdan,ahmed.hamdan41@yahoo.com,Female,1999-04-10,2023-06-19,UAE,Ajman
CUST00165,Olivia Wilson,olivia.wilson397@outlook.com,Male,1990-05-10,2024-10-22,Canada,Winnipeg
CUST00166,Noah Wilson,noah.wilson572@gmail.com,Female,1985-06-28,2022-06-01,Canada,Winnipeg
CUST00167,Charlotte Jones,charlotte.jones939@yahoo.com.au,Male,1987-10-31,2024-09-05,Australia,Canberra
CUST00168,Jack Harris,jack.harris318@gmail.com,Female,1989-06-20,2021-09-19,Australia,Gold Coast
CUST00169,Olivia White,olivia.white19@outlook.com,Male,1987-09-16,2022-01-05,Australia,Canberra
CUST00170,Beatriz Souza,beatriz.souza141@yahoo.com.br,Female,1966-12-03,2022-08-29,Brazil,Brasília
CUST00171,Sara Hamdan,sara.hamdan678@gmail.com,Male,1971-10-04,2024-05-08,UAE,Fujairah
CUST00172,Finn Hoffmann,finn.hoffmann739@web.de,Male,1963-12-02,2023-04-22,Germany,Dresden
CUST00173,Hannah Hoffmann,hannah.hoffmann771@gmx.de,Male,1980-12-28,2023-12-30,Germany,Dresden
CUST00174,Jack Davies,jack.davies473@hotmail.co.uk,Female,1994-04-05,2023-10-27,UK,Glasgow
CUST00175,Lucas White,lucas.white894@yahoo.ca,Male,1964-09-05,2024-08-06,Canada,Ottawa
CUST00176,Sofia Schmidt,sofia.schmidt292@gmail.com,Female,1974-05-20,2022-07-13,Germany,Munich
CUST00177,Emma Schmidt,emma.schmidt837@web.de,Male,1991-05-13,2021-02-24,Germany,Dresden
CUST00178,Sofia Meyer,sofia.meyer396@web.de,Female,1993-08-20,2022-04-05,Germany,Munich
CUST00179,Emma Williams,emma.williams40@yahoo.com,Male,2002-05-21,2024-11-26,USA,Phoenix
CUST00180,Mariam Mansoor,mariam.mansoor928@gmail.com,Female,1961-09-14,2022-06-09,UAE,Abu Dhabi
CUST00181,Emily Roberts,emily.roberts114@hotmail.co.uk,Male,1981-04-26,2022-09-09,UK,Glasgow
CUST00182,Olivia Taylor,olivia.taylor65@icloud.com,Male,2004-11-03,2024-05-07,USA,Los Angeles
CUST00183,Ethan Roy,ethan.roy2@hotmail.ca,Male,1981-07-31,2024-03-14,Canada,Edmonton
CUST00184,Sofia Meyer,sofia.meyer977@gmail.com,Male,1995-01-11,2023-08-21,Germany,Berlin
CUST00185,Emma Jones,emma.jones366@gmail.com,Female,1990-12-07,2022-05-09,USA,Los Angeles
CUST00186,Mia Taylor,mia.taylor46@yahoo.com.au,Male,1990-05-16,2024-08-09,Australia,Canberra
CUST00187,Sophia Williams,sophia.williams65@yahoo.com,Female,1963-04-26,2022-08-24,USA,Miami
CUST00188,Oliver Davies,oliver.davies528@outlook.co.uk,Male,2002-06-21,2022-06-03,UK,Bristol
CUST00189,David Garcia,david.garcia887@gmail.com,Male,1984-07-05,2021-09-12,USA,Dallas
CUST00190,Aisha Khalifa,aisha.khalifa348@hotmail.com,Female,2004-07-07,2024-11-18,UAE,Sharjah
CUST00191,Leon Wagner,leon.wagner441@gmail.com,Female,1986-05-10,2022-10-20,Germany,Hamburg
CUST00192,David Jones,david.jones618@icloud.com,Female,1974-12-13,2024-11-13,USA,Seattle
CUST00193,Lukas Meyer,lukas.meyer282@t-online.de,Female,1966-09-24,2024-10-06,Germany,Berlin
CUST00194,Charlotte Tremblay,charlotte.tremblay147@gmail.com,Female,1963-02-14,2021-09-16,Canada,Quebec City
CUST00195,Emma Miller,emma.miller620@gmail.com,Female,2000-05-13,2023-01-30,USA,Chicago
CUST00196,Lena Schneider,lena.schneider408@gmx.de,Male,1985-01-01,2022-05-27,Germany,Stuttgart
CUST00197,Matheus Pereira,matheus.pereira936@uol.com.br,Male,1983-06-26,2022-06-18,Brazil,Rio de Janeiro
CUST00198,Mia Wilson,mia.wilson205@bigpond.com,Male,1972-03-05,2021-06-01,Australia,Melbourne
CUST00199,Leon Meyer,leon.meyer727@gmx.de,Female,1986-01-18,2022-09-07,Germany,Munich
CUST00200,Fatima Hamdan,fatima.hamdan125@yahoo.com,Male,1972-06-16,2022-04-30,UAE,Ajman
CUST00201,Fatima Hamdan,fatima.hamdan479@outlook.com,Male,1967-09-26,2021-05-15,UAE,Sharjah
CUST00202,Emily Evans,emily.evans844@hotmail.co.uk,Female,1971-03-30,2022-10-12,UK,Manchester
CUST00203,Ava White,ava.white132@outlook.com,Female,1971-07-30,2023-06-06,Australia,Brisbane
CUST00204,Leon Schulz,leon.schulz312@web.de,Male,1974-07-13,2022-10-23,Germany,Hamburg
CUST00205,Xin Chan,xin.chan867@outlook.com,Male,1982-06-25,2022-02-07,Singapore,Jurong
CUST00206,Ethan Roy,ethan.roy515@gmail.com,Female,1973-10-31,2021-12-17,Canada,Montreal
CUST00207,Mia Smith,mia.smith84@gmail.com,Female,1983-09-29,2024-08-26,Australia,Sydney
CUST00208,Lily Smith,lily.smith911@hotmail.co.uk,Female,1987-02-07,2023-09-17,UK,Glasgow
CUST00209,Charlie Wilson,charlie.wilson706@gmail.com,Female,1974-03-07,2023-06-20,UK,London
CUST00210,Jonas Meyer,jonas.meyer321@web.de,Female,1990-12-26,2023-03-28,Germany,Stuttgart
CUST00211,Isabella Wilson,isabella.wilson327@gmail.com,Female,2001-11-06,2021-09-08,USA,Houston
CUST00212,Harry Jones,harry.jones298@gmail.com,Male,1997-07-06,2022-05-24,UK,Bristol
CUST00213,Ana Gomes,ana.gomes195@hotmail.com,Male,2004-09-13,2023-11-21,Brazil,Brasília
CUST00214,Hannah Müller,hannah.müller968@gmail.com,Female,2005-05-06,2023-07-26,Germany,Düsseldorf
CUST00215,Camila Ferreira,camila.ferreira52@gmail.com,Male,2004-05-25,2024-05-08,Brazil,Fortaleza
CUST00216,Kai Chan,kai.chan868@gmail.com,Female,1998-08-29,2021-10-02,Singapore,Jurong
CUST00217,Yi Wong,yi.wong411@gmail.com,Female,1977-06-18,2023-01-13,Singapore,Singapore City
CUST00218,Emma Johnson,emma.johnson783@hotmail.ca,Male,1970-08-29,2021-09-21,Canada,Ottawa
CUST00219,Ana Ferreira,ana.ferreira774@hotmail.com,Female,1977-11-09,2024-05-18,Brazil,Brasília
CUST00220,Lukas Müller,lukas.müller731@web.de,Male,2002-07-02,2023-11-30,Germany,Stuttgart
CUST00221,Mia Hoffmann,mia.hoffmann167@gmx.de,Male,1986-11-05,2024-04-30,Germany,Düsseldorf
CUST00222,Lily Brown,lily.brown836@hotmail.co.uk,Female,1993-01-17,2022-11-10,UK,London
CUST00223,Mia Wilson,mia.wilson612@gmail.com,Female,1983-10-27,2024-09-04,Australia,Hobart
CUST00224,Mohammed Mansoor,mohammed.mansoor175@hotmail.com,Male,1973-04-04,2024-10-26,UAE,Al Ain
CUST00225,Jack Smith,jack.smith322@hotmail.co.uk,Male,1973-08-02,2023-04-26,UK,Bristol
CUST00226,Isla Harris,isla.harris894@bigpond.com,Female,1972-05-21,2023-11-29,Australia,Sydney
CUST00227,Poppy Thomas,poppy.thomas322@hotmail.co.uk,Female,2001-03-28,2023-12-28,UK,Birmingham
CUST00228,Charlie Roberts,charlie.roberts197@hotmail.co.uk,Female,1985-01-11,2024-02-17,UK,Leeds
CUST00229,Charlie Taylor,charlie.taylor325@hotmail.co.uk,Female,1991-04-17,2024-02-22,UK,Edinburgh
CUST00230,Kai Lim,kai.lim918@singnet.com.sg,Female,1990-12-18,2021-10-27,Singapore,Punggol
CUST00231,George Davies,george.davies672@hotmail.co.uk,Female,2002-12-24,2022-03-15,UK,Glasgow
CUST00232,Emily Brown,emily.brown112@yahoo.co.uk,Female,1981-10-01,2021-04-14,UK,Leeds
CUST00233,Noah Smith,noah.smith424@gmail.com,Male,2002-05-19,2021-07-25,Australia,Canberra
CUST00234,Oliver White,oliver.white417@yahoo.com.au,Male,2002-11-01,2024-08-25,Australia,Hobart
CUST00235,Emma Jones,emma.jones930@gmail.com,Female,1980-10-31,2024-01-01,USA,Los Angeles
CUST00236,Jack Anderson,jack.anderson957@yahoo.com.au,Male,1995-08-13,2023-10-12,Australia,Sydney
CUST00237,James Smith,james.smith582@outlook.com,Female,1990-01-21,2022-08-06,USA,Los Angeles
CUST00238,Finn Schulz,finn.schulz280@t-online.de,Female,1970-02-08,2022-11-09,Germany,Frankfurt
CUST00239,David Williams,david.williams755@gmail.com,Female,1986-06-20,2024-03-08,USA,Dallas
CUST00240,Jack Harris,jack.harris847@bigpond.com,Male,2006-03-24,2022-11-03,Australia,Gold Coast
CUST00241,Robert Williams,robert.williams332@icloud.com,Male,1960-08-11,2022-06-19,USA,Houston
CUST00242,Noah Meyer,noah.meyer597@gmx.de,Female,1983-06-19,2024-08-31,Germany,Berlin
CUST00243,Oliver Jones,oliver.jones315@hotmail.co.uk,Male,1996-05-15,2024-11-06,UK,Birmingham
CUST00244,Leon Weber,leon.weber630@gmx.de,Female,1979-08-29,2021-10-01,Germany,Frankfurt
CUST00245,Lena Meyer,lena.meyer719@t-online.de,Female,1979-08-05,2022-05-22,Germany,Dresden
CUST00246,Isla Thomas,isla.thomas80@outlook.com,Male,1965-07-16,2024-01-27,Australia,Melbourne
CUST00247,Mei Chan,mei.chan169@yahoo.com.sg,Male,2006-09-06,2023-06-24,Singapore,Ang Mo Kio
CUST00248,Ava Davis,ava.davis921@gmail.com,Male,1964-12-28,2023-07-18,USA,Miami
CUST00249,Sophia Taylor,sophia.taylor573@gmail.com,Female,1987-08-25,2021-02-14,USA,Miami
CUST00250,Jonas Hoffmann,jonas.hoffmann47@gmail.com,Male,1990-11-28,2024-12-05,Germany,Düsseldorf
CUST00251,Michael Davis,michael.davis294@gmail.com,Male,1976-02-23,2021-10-05,USA,Seattle
CUST00252,Charlotte Anderson,charlotte.anderson891@bigpond.com,Female,1993-09-13,2021-06-14,Australia,Gold Coast
CUST00253,Charlotte Jones,charlotte.jones551@yahoo.com.au,Male,1971-06-04,2022-04-02,Australia,Gold Coast
CUST00254,Khalid Khalifa,khalid.khalifa545@hotmail.com,Male,1980-08-08,2022-05-22,UAE,Al Ain
CUST00255,Noah Fischer,noah.fischer33@gmail.com,Male,1961-05-27,2022-05-08,Germany,Düsseldorf
CUST00256,Lily Smith,lily.smith613@hotmail.co.uk,Male,1981-12-15,2021-04-01,UK,London
CUST00257,Sofia Fischer,sofia.fischer144@gmail.com,Male,1981-01-03,2024-03-25,Germany,Cologne
CUST00258,Jack Brown,jack.brown677@yahoo.co.uk,Female,1997-02-06,2022-09-08,UK,Leeds
CUST00259,Isla Thomas,isla.thomas49@hotmail.co.uk,Male,1994-03-12,2023-12-11,UK,Liverpool
CUST00260,Isla Williams,isla.williams386@outlook.co.uk,Female,2002-06-25,2022-05-09,UK,Birmingham
CUST00261,Ali Khalifa,ali.khalifa576@gmail.com,Female,1997-05-14,2024-02-16,UAE,Al Ain
CUST00262,Lucas Roy,lucas.roy339@yahoo.ca,Female,2000-05-08,2023-01-30,Canada,Vancouver
CUST00263,James Jones,james.jones690@icloud.com,Male,1966-07-12,2022-01-21,USA,New York
CUST00264,Mariam Ibrahim,mariam.ibrahim311@outlook.com,Male,1979-01-01,2022-01-25,UAE,Dubai
CUST00265,Beatriz Souza,beatriz.souza407@yahoo.com.br,Male,1988-11-07,2022-08-03,Brazil,Salvador
CUST00266,Noah Weber,noah.weber526@gmx.de,Female,2001-10-22,2021-07-21,Germany,Dresden
CUST00267,Fatima Ibrahim,fatima.ibrahim321@outlook.com,Female,1964-02-07,2024-02-27,UAE,Al Ain
CUST00268,Mohammed Abdullah,mohammed.abdullah303@hotmail.com,Male,1977-08-07,2022-11-07,UAE,Sharjah
CUST00269,Poppy Thomas,poppy.thomas264@outlook.co.uk,Male,2004-01-05,2023-08-02,UK,Edinburgh
CUST00270,Robert Williams,robert.williams189@icloud.com,Female,1963-01-13,2021-06-02,USA,New York
CUST00271,Wei Goh,wei.goh863@yahoo.com.sg,Male,1966-02-05,2024-12-19,Singapore,Woodlands
CUST00272,Isabella Davis,isabella.davis62@outlook.com,Male,2003-10-08,2021-02-02,USA,Miami
CUST00273,James Smith,james.smith549@outlook.com,Female,1961-07-15,2023-10-26,USA,Phoenix
CUST00274,Ali Al Nahyan,ali.alnahyan537@gmail.com,Female,1981-08-14,2022-01-29,UAE,Sharjah
CUST00275,Olivia Roy,olivia.roy81@hotmail.ca,Female,1996-06-04,2023-07-30,Canada,Edmonton
CUST00276,Mason Brown,mason.brown96@gmail.com,Male,1994-01-09,2023-02-12,Canada,Winnipeg
CUST00277,Liam Tremblay,liam.tremblay512@gmail.com,Male,1989-09-20,2024-03-04,Canada,Winnipeg
CUST00278,Larissa Silva,larissa.silva217@yahoo.com.br,Male,1984-04-27,2021-04-06,Brazil,Recife
CUST00279,Ling Koh,ling.koh184@gmail.com,Female,1961-05-28,2022-03-01,Singapore,Ang Mo Kio
CUST00280,Noah Roy,noah.roy578@yahoo.ca,Female,1994-11-29,2024-10-18,Canada,Calgary
CUST00281,Yi Lee,yi.lee513@gmail.com,Female,1964-10-25,2021-07-20,Singapore,Ang Mo Kio
CUST00282,Mia Hoffmann,mia.hoffmann993@t-online.de,Male,1962-08-28,2024-07-22,Germany,Stuttgart
CUST00283,Poppy Taylor,poppy.taylor567@outlook.co.uk,Female,1998-09-28,2022-01-16,UK,Bristol
CUST00284,William Harris,william.harris818@outlook.com,Female,1966-08-05,2021-06-18,Australia,Perth
CUST00285,Harry Evans,harry.evans370@outlook.co.uk,Female,1968-03-17,2021-01-11,UK,Manchester
CUST00286,Xin Ong,xin.ong136@gmail.com,Female,1976-10-23,2023-06-02,Singapore,Jurong
CUST00287,Leon Müller,leon.müller363@gmail.com,Female,1989-02-07,2023-02-28,Germany,Munich
CUST00288,Olivia Johnson,olivia.johnson586@yahoo.com,Female,1994-02-26,2021-12-14,USA,Chicago
CUST00289,David Davis,david.davis65@yahoo.com,Female,1998-12-30,2022-07-20,USA,Chicago
CUST00290,Leon Meyer,leon.meyer967@gmx.de,Female,2004-06-24,2024-05-01,Germany,Frankfurt
CUST00291,Noah Tremblay,noah.tremblay7@outlook.com,Female,1989-10-21,2024-06-24,Canada,Winnipeg
CUST00292,Hannah Meyer,hannah.meyer836@t-online.de,Female,1986-12-14,2022-10-19,Germany,Hamburg
CUST00293,Ava Wilson,ava.wilson988@yahoo.ca,Male,1988-08-18,2022-08-20,Canada,Winnipeg
CUST00294,Mia Brown,mia.brown386@outlook.com,Female,1995-04-02,2023-01-18,Australia,Adelaide
CUST00295,Ava Wilson,ava.wilson699@yahoo.com,Male,2001-05-31,2024-12-21,USA,New York
CUST00296,George Evans,george.evans143@hotmail.co.uk,Female,1981-09-17,2022-06-02,UK,Glasgow
CUST00297,Olivia Jones,olivia.jones613@bigpond.com,Female,1995-12-16,2023-12-31,Australia,Hobart
CUST00298,Sofia Müller,sofia.müller719@gmx.de,Female,1969-10-23,2022-05-24,Germany,Munich
CUST00299,Jack Harris,jack.harris577@gmail.com,Female,1989-09-30,2023-06-01,Australia,Gold Coast
CUST00300,David Brown,david.brown457@yahoo.com,Male,1995-02-02,2023-08-07,USA,Dallas
CUST00301,Fatima Al Maktoum,fatima.almaktoum108@hotmail.com,Male,1997-04-26,2021-06-25,UAE,Ras Al Khaimah
CUST00302,Emma Jones,emma.jones467@outlook.com,Male,2006-10-01,2023-09-17,USA,Houston
CUST00303,Poppy Wilson,poppy.wilson69@outlook.co.uk,Male,1964-01-04,2024-12-26,UK,Glasgow
CUST00304,Michael Williams,michael.williams529@yahoo.com,Female,1974-05-14,2022-11-09,USA,Chicago
CUST00305,Lucas MacDonald,lucas.macdonald191@yahoo.ca,Female,1995-06-28,2021-03-01,Canada,Winnipeg
CUST00306,Ava Harris,ava.harris399@bigpond.com,Male,1979-04-09,2022-02-26,Australia,Sydney
CUST00307,Lily Jones,lily.jones375@yahoo.co.uk,Male,1977-09-05,2023-07-27,UK,Liverpool
CUST00308,Isabella Garcia,isabella.garcia626@icloud.com,Female,1970-04-01,2022-12-14,USA,Seattle
CUST00309,Lily Williams,lily.williams941@outlook.co.uk,Female,1972-01-07,2022-10-04,UK,Manchester
CUST00310,Michael Williams,michael.williams711@outlook.com,Female,2005-10-29,2023-03-07,USA,Chicago
CUST00311,Lena Wagner,lena.wagner191@t-online.de,Male,1975-07-17,2024-02-11,Germany,Dresden
CUST00312,Robert Williams,robert.williams863@outlook.com,Female,1964-10-22,2023-01-06,USA,Miami
CUST00313,Matheus Souza,matheus.souza987@uol.com.br,Female,1996-09-14,2024-11-03,Brazil,Recife
CUST00314,Hannah Schneider,hannah.schneider579@gmail.com,Female,1979-10-14,2022-08-22,Germany,Berlin
CUST00315,Isabella Jones,isabella.jones800@yahoo.com,Male,2004-06-08,2024-01-31,USA,Miami
CUST00316,Mason Johnson,mason.johnson556@outlook.com,Male,1999-08-06,2024-01-24,Canada,Toronto
CUST00317,George Taylor,george.taylor896@outlook.co.uk,Female,2000-05-06,2022-06-23,UK,London
CUST00318,Poppy Jones,poppy.jones215@yahoo.co.uk,Male,1998-05-31,2021-12-06,UK,Liverpool
CUST00319,Lucas Smith,lucas.smith546@outlook.com,Male,1975-02-08,2022-10-25,Canada,Ottawa
CUST00320,Gustavo Gomes,gustavo.gomes976@hotmail.com,Female,1972-02-29,2023-04-23,Brazil,Rio de Janeiro
CUST00321,Ming Lee,ming.lee150@yahoo.com.sg,Female,1982-03-17,2024-10-16,Singapore,Ang Mo Kio
CUST00322,Lena Weber,lena.weber385@t-online.de,Male,1966-10-10,2024-07-21,Germany,Dresden
CUST00323,Aisha Hamdan,aisha.hamdan712@outlook.com,Male,2000-10-16,2023-09-27,UAE,Fujairah
CUST00324,George Wilson,george.wilson871@outlook.co.uk,Male,1995-09-06,2022-03-23,UK,Manchester
CUST00325,Beatriz Rodrigues,beatriz.rodrigues849@hotmail.com,Male,1990-04-20,2024-01-26,Brazil,Fortaleza
CUST00326,Olivia Smith,olivia.smith102@gmail.com,Female,1961-06-17,2021-09-12,Canada,Quebec City
CUST00327,Hui Chua,hui.chua982@gmail.com,Male,1978-02-24,2024-11-11,Singapore,Punggol
CUST00328,Ming Ong,ming.ong671@gmail.com,Female,1982-06-18,2021-06-18,Singapore,Ang Mo Kio
CUST00329,Lukas Wagner,lukas.wagner744@gmx.de,Male,1998-07-05,2024-09-04,Germany,Frankfurt
CUST00330,James Brown,james.brown80@icloud.com,Male,1980-04-16,2023-11-30,USA,Chicago
CUST00331,Oliver Taylor,oliver.taylor881@gmail.com,Male,1971-11-10,2023-09-06,Australia,Gold Coast
CUST00332,Michael Johnson,michael.johnson321@gmail.com,Female,1986-11-05,2021-10-08,USA,Dallas
CUST00333,Finn Schmidt,finn.schmidt625@gmail.com,Male,1999-06-26,2022-12-21,Germany,Hamburg
CUST00334,Olivia Harris,olivia.harris881@bigpond.com,Male,1967-10-11,2021-07-25,Australia,Perth
CUST00335,Ava Miller,ava.miller987@outlook.com,Male,1988-03-19,2021-10-14,USA,Seattle
CUST00336,Jack Thomas,jack.thomas798@outlook.co.uk,Male,1987-01-23,2022-02-25,UK,London
CUST00337,Emma Roy,emma.roy803@gmail.com,Male,2004-05-25,2023-03-02,Canada,Calgary
CUST00338,Ava Johnson,ava.johnson370@gmail.com,Female,1971-11-03,2023-03-04,USA,Dallas
CUST00339,Fatima Hamdan,fatima.hamdan782@yahoo.com,Female,1966-07-19,2021-02-04,UAE,Umm Al Quwain
CUST00340,Mason Martin,mason.martin945@gmail.com,Male,1995-09-14,2023-11-04,Canada,Toronto
CUST00341,Isla Evans,isla.evans656@gmail.com,Female,1984-11-22,2021-06-21,UK,Birmingham
CUST00342,Harry Thomas,harry.thomas401@outlook.co.uk,Male,1987-10-29,2024-12-01,UK,Manchester
CUST00343,Lukas Fischer,lukas.fischer947@gmail.com,Male,1970-05-28,2023-07-18,Germany,Düsseldorf
CUST00344,Mason Tremblay,mason.tremblay13@gmail.com,Male,1961-01-06,2021-12-02,Canada,Montreal
CUST00345,Sofia Schulz,sofia.schulz171@gmx.de,Female,1971-05-22,2022-07-05,Germany,Stuttgart
CUST00346,Oliver Taylor,oliver.taylor279@bigpond.com,Male,1983-08-04,2024-12-29,Australia,Melbourne
CUST00347,Beatriz Pereira,beatriz.pereira57@hotmail.com,Male,1974-12-21,2023-01-24,Brazil,Recife
CUST00348,Ava Johnson,ava.johnson759@yahoo.com,Male,1963-12-14,2021-01-26,USA,New York
CUST00349,Amelia Evans,amelia.evans184@yahoo.co.uk,Female,1997-08-15,2022-04-05,UK,London
CUST00350,Amelia Brown,amelia.brown586@gmail.com,Female,1970-09-17,2023-10-26,UK,Liverpool
CUST00351,Jack Brown,jack.brown977@gmail.com,Male,1966-03-08,2023-08-11,Australia,Gold Coast
CUST00352,Fatima Al Nahyan,fatima.alnahyan9@hotmail.com,Female,1978-01-01,2022-08-21,UAE,Fujairah
CUST00353,Sophia Martin,sophia.martin378@hotmail.ca,Female,1977-07-13,2024-01-25,Canada,Quebec City
CUST00354,Jack Smith,jack.smith25@bigpond.com,Male,1991-01-29,2024-07-26,Australia,Perth
CUST00355,Fatima Al Maktoum,fatima.almaktoum870@hotmail.com,Male,1969-04-29,2022-02-25,UAE,Ras Al Khaimah
CUST00356,Emma Taylor,emma.taylor996@gmail.com,Male,1985-02-07,2021-07-10,Canada,Montreal
CUST00357,Isabella Miller,isabella.miller470@outlook.com,Male,1968-07-28,2023-11-02,USA,Los Angeles
CUST00358,Michael Taylor,michael.taylor446@gmail.com,Female,1981-03-29,2022-08-21,USA,Chicago
CUST00359,Isla Davies,isla.davies464@outlook.co.uk,Female,1980-12-15,2021-06-02,UK,Glasgow
CUST00360,Mei Lim,mei.lim109@yahoo.com.sg,Male,2000-05-01,2023-08-13,Singapore,Tampines
CUST00361,Emily Davies,emily.davies463@yahoo.co.uk,Male,2001-07-26,2022-06-27,UK,Glasgow
CUST00362,Ali Abdullah,ali.abdullah221@gmail.com,Male,1973-04-22,2021-07-06,UAE,Fujairah
CUST00363,Olivia White,olivia.white694@gmail.com,Female,1983-05-05,2021-12-23,Australia,Adelaide
CUST00364,Sophia Wilson,sophia.wilson97@yahoo.com,Female,1969-02-21,2021-10-14,USA,Miami
CUST00365,William Williams,william.williams844@yahoo.com,Male,1993-05-24,2024-11-06,USA,Seattle
CUST00366,Sophia White,sophia.white940@outlook.com,Male,1961-12-15,2021-05-13,Canada,Vancouver
CUST00367,Robert Johnson,robert.johnson126@outlook.com,Female,2001-05-10,2021-04-14,USA,New York
CUST00368,Olivia Davis,olivia.davis392@gmail.com,Female,1975-07-03,2022-12-26,USA,Seattle
CUST00369,Charlie Brown,charlie.brown905@hotmail.co.uk,Male,1963-02-09,2024-06-11,UK,Birmingham
CUST00370,Mason Taylor,mason.taylor904@hotmail.ca,Male,1965-06-21,2021-06-29,Canada,Quebec City
CUST00371,Isla Taylor,isla.taylor646@yahoo.co.uk,Male,1994-04-25,2024-12-31,UK,London
CUST00372,Amelia Roberts,amelia.roberts398@outlook.co.uk,Female,1976-02-18,2021-02-23,UK,Glasgow
CUST00373,Oliver Brown,oliver.brown829@gmail.com,Male,1992-01-25,2024-04-11,UK,Edinburgh
CUST00374,Lucas Souza,lucas.souza273@yahoo.com.br,Male,1979-09-07,2024-03-25,Brazil,São Paulo
CUST00375,Fatima Hassan,fatima.hassan243@yahoo.com,Female,1992-03-09,2024-04-26,UAE,Fujairah
CUST00376,Ava Taylor,ava.taylor577@yahoo.com,Female,2004-02-28,2024-01-16,USA,Houston
CUST00377,Oliver Jones,oliver.jones239@gmail.com,Female,1961-10-15,2023-12-15,UK,Leeds
CUST00378,Lena Fischer,lena.fischer349@web.de,Female,1989-01-11,2021-05-02,Germany,Hamburg
CUST00379,Michael Wilson,michael.wilson984@outlook.com,Male,1993-07-07,2024-12-13,USA,Los Angeles
CUST00380,Mei Lim,mei.lim310@outlook.com,Female,1972-03-29,2021-11-19,Singapore,Ang Mo Kio
CUST00381,Ava Taylor,ava.taylor725@yahoo.com.au,Female,1980-01-11,2024-09-25,Australia,Canberra
CUST00382,Emma Roy,emma.roy131@outlook.com,Male,1960-02-28,2024-12-08,Canada,Montreal
CUST00383,Mei Tan,mei.tan617@yahoo.com.sg,Female,1979-10-26,2024-08-02,Singapore,Ang Mo Kio
CUST00384,Ethan Wilson,ethan.wilson244@gmail.com,Female,1988-08-30,2021-12-10,Canada,Edmonton
CUST00385,Olivia Taylor,olivia.taylor272@gmail.com,Male,1982-05-21,2024-11-20,Canada,Calgary
CUST00386,Michael Smith,michael.smith396@gmail.com,Female,1997-08-25,2021-12-07,USA,Miami
CUST00387,Yi Wong,yi.wong104@singnet.com.sg,Female,1980-03-27,2021-11-30,Singapore,Sengkang
CUST00388,Noah Müller,noah.müller268@gmx.de,Male,1966-08-28,2022-12-02,Germany,Munich
CUST00389,Robert Johnson,robert.johnson347@gmail.com,Female,1962-10-12,2023-06-03,USA,Miami
CUST00390,Mei Goh,mei.goh55@yahoo.com.sg,Male,1989-09-14,2022-02-25,Singapore,Jurong
CUST00391,Larissa Lima,larissa.lima677@hotmail.com,Female,1986-09-06,2022-05-02,Brazil,Fortaleza
CUST00392,Ava Wilson,ava.wilson158@icloud.com,Female,1992-05-15,2021-01-08,USA,New York
CUST00393,Lena Becker,lena.becker100@web.de,Female,1978-07-26,2021-12-16,Germany,Berlin
CUST00394,Ava Brown,ava.brown804@outlook.com,Male,2002-04-01,2023-09-29,Canada,Winnipeg
CUST00395,Jun Chan,jun.chan190@singnet.com.sg,Female,1994-03-22,2023-01-27,Singapore,Ang Mo Kio
CUST00396,David Davis,david.davis270@icloud.com,Male,1984-02-04,2024-03-01,USA,Houston
CUST00397,Michael Garcia,michael.garcia995@icloud.com,Male,1965-06-21,2023-03-04,USA,Houston
CUST00398,Sara Khalifa,sara.khalifa488@yahoo.com,Female,1967-01-31,2023-03-20,UAE,Ras Al Khaimah
CUST00399,Ling Koh,ling.koh124@yahoo.com.sg,Male,1975-07-05,2021-12-09,Singapore,Sengkang
CUST00400,Matheus Silva,matheus.silva81@uol.com.br,Male,1978-02-11,2024-07-08,Brazil,Curitiba
CUST00401,Emma Johnson,emma.johnson398@gmail.com,Female,1989-04-04,2022-07-20,USA,Seattle
CUST00402,Sophia White,sophia.white116@hotmail.ca,Male,1973-06-04,2021-10-31,Canada,Winnipeg
CUST00403,Noah White,noah.white805@gmail.com,Male,1990-11-06,2023-04-22,Canada,Ottawa
CUST00404,Lily Roberts,lily.roberts39@hotmail.co.uk,Female,1984-09-15,2023-04-06,UK,Birmingham
CUST00405,James Miller,james.miller708@outlook.com,Female,1964-06-03,2023-09-01,USA,Houston
CUST00406,Wei Wong,wei.wong319@outlook.com,Female,2004-02-08,2024-11-26,Singapore,Bedok
CUST00407,Jack Wilson,jack.wilson793@bigpond.com,Male,1984-03-03,2023-05-04,Australia,Canberra
CUST00408,Lucas Taylor,lucas.taylor936@yahoo.ca,Male,2003-06-18,2023-11-24,Canada,Winnipeg
CUST00409,Sara Hassan,sara.hassan319@gmail.com,Male,1972-03-02,2023-12-10,UAE,Al Ain
CUST00410,Ming Ng,ming.ng858@yahoo.com.sg,Male,1982-05-20,2021-03-09,Singapore,Singapore City
CUST00411,Jonas Weber,jonas.weber844@gmx.de,Female,2005-04-25,2023-03-24,Germany,Dresden
CUST00412,Liam Martin,liam.martin501@outlook.com,Male,1975-12-07,2023-08-30,Canada,Quebec City
CUST00413,Olivia Tremblay,olivia.tremblay767@outlook.com,Female,1985-07-29,2021-02-26,Canada,Vancouver
CUST00414,Lena Fischer,lena.fischer663@web.de,Male,1978-07-19,2022-07-06,Germany,Frankfurt
CUST00415,Oliver Thomas,oliver.thomas663@yahoo.com.au,Male,1960-10-04,2022-04-04,Australia,Brisbane
CUST00416,Charlie Evans,charlie.evans873@hotmail.co.uk,Female,2001-03-06,2022-06-01,UK,Liverpool
CUST00417,Emily Roberts,emily.roberts599@hotmail.co.uk,Female,1960-08-28,2023-11-14,UK,Manchester
CUST00418,Larissa Gomes,larissa.gomes306@hotmail.com,Female,2003-03-21,2021-05-11,Brazil,Rio de Janeiro
CUST00419,Amelia Brown,amelia.brown672@outlook.co.uk,Female,1976-11-24,2021-11-04,UK,Glasgow
CUST00420,Liam White,liam.white677@hotmail.ca,Male,1972-07-21,2021-02-22,Canada,Edmonton
CUST00421,Thomas Anderson,thomas.anderson398@bigpond.com,Female,1977-01-14,2022-12-04,Australia,Sydney
CUST00422,Isla Thomas,isla.thomas520@outlook.com,Male,1975-04-02,2024-09-08,Australia,Adelaide
CUST00423,Kai Lim,kai.lim132@singnet.com.sg,Male,1976-06-03,2024-10-24,Singapore,Bedok
CUST00424,Jie Wong,jie.wong763@yahoo.com.sg,Male,1997-09-21,2022-11-10,Singapore,Bedok
CUST00425,Hannah Schmidt,hannah.schmidt55@t-online.de,Female,2002-05-13,2022-02-03,Germany,Munich
CUST00426,Sofia Weber,sofia.weber56@t-online.de,Female,1972-04-28,2022-02-15,Germany,Hamburg
CUST00427,Harry Davies,harry.davies798@yahoo.co.uk,Female,2003-09-29,2022-11-13,UK,Manchester
CUST00428,Olivia Smith,olivia.smith463@gmail.com,Male,1978-10-14,2021-12-12,Canada,Ottawa
CUST00429,Ava Brown,ava.brown630@yahoo.ca,Male,1998-07-10,2023-04-07,Canada,Winnipeg
CUST00430,Emma Müller,emma.müller547@gmail.com,Female,1993-06-21,2021-01-29,Germany,Frankfurt
CUST00431,Wei Tan,wei.tan232@yahoo.com.sg,Male,1987-12-31,2021-09-22,Singapore,Ang Mo Kio
CUST00432,Robert Johnson,robert.johnson306@gmail.com,Female,2000-11-25,2023-12-02,USA,Phoenix
CUST00433,Emma Tremblay,emma.tremblay924@outlook.com,Female,1992-03-24,2022-01-21,Canada,Quebec City
CUST00434,James Brown,james.brown745@yahoo.com,Female,1978-12-12,2021-02-14,USA,Chicago
CUST00435,Noah Wilson,noah.wilson385@gmail.com,Male,1964-05-11,2024-05-01,Canada,Ottawa
CUST00436,Gabriel Silva,gabriel.silva427@gmail.com,Male,1994-02-11,2021-09-11,Brazil,Recife
CUST00437,Ethan Martin,ethan.martin309@gmail.com,Female,1969-01-21,2024-09-18,Canada,Winnipeg
CUST00438,Emma Brown,emma.brown290@gmail.com,Male,1969-07-14,2023-10-17,Canada,Vancouver
CUST00439,David Wilson,david.wilson367@yahoo.com,Male,1986-07-01,2021-11-25,USA,Seattle
CUST00440,William Davis,william.davis241@outlook.com,Female,1961-02-21,2024-10-07,USA,New York
CUST00441,Ava Davis,ava.davis973@yahoo.com,Male,2005-11-27,2021-06-03,USA,Los Angeles
CUST00442,Thomas Brown,thomas.brown304@bigpond.com,Male,2001-08-26,2021-04-13,Australia,Adelaide
CUST00443,James Jones,james.jones821@outlook.com,Male,1998-03-21,2021-08-26,USA,Dallas
CUST00444,James Williams,james.williams337@yahoo.com,Male,1999-04-09,2024-06-27,USA,Dallas
CUST00445,Amelia Davies,amelia.davies117@yahoo.co.uk,Male,1995-11-28,2023-07-24,UK,Bristol
CUST00446,Poppy Evans,poppy.evans116@yahoo.co.uk,Female,1965-04-05,2021-11-23,UK,Birmingham
CUST00447,Ava Davis,ava.davis626@yahoo.com,Female,1992-03-03,2024-06-06,USA,Seattle
CUST00448,Sophia Davis,sophia.davis909@gmail.com,Male,1999-07-15,2021-04-05,USA,Seattle
CUST00449,James Wilson,james.wilson979@yahoo.com,Female,2006-07-27,2023-12-08,USA,Dallas
CUST00450,Olivia Brown,olivia.brown355@bigpond.com,Male,1973-05-03,2024-02-18,Australia,Gold Coast
CUST00451,Wei Lee,wei.lee873@singnet.com.sg,Male,1974-11-02,2021-06-03,Singapore,Sengkang
CUST00452,Noah Taylor,noah.taylor52@outlook.com,Female,1993-12-20,2023-04-06,Australia,Perth
CUST00453,Mariam Khalifa,mariam.khalifa91@hotmail.com,Male,2000-02-09,2022-10-10,UAE,Umm Al Quwain
CUST00454,James Johnson,james.johnson423@icloud.com,Female,1960-01-06,2021-07-06,USA,New York
CUST00455,Sara Hamdan,sara.hamdan671@yahoo.com,Female,1990-07-31,2023-01-15,UAE,Umm Al Quwain
CUST00456,Mariam Al Rashid,mariam.alrashid734@hotmail.com,Male,2000-08-06,2021-08-22,UAE,Fujairah
CUST00457,James Garcia,james.garcia850@outlook.com,Male,2006-10-30,2023-02-05,USA,Phoenix
CUST00458,Jack Thomas,jack.thomas842@yahoo.com.au,Male,1969-08-05,2022-06-05,Australia,Gold Coast
CUST00459,Noah MacDonald,noah.macdonald469@yahoo.ca,Male,1990-04-26,2021-08-09,Canada,Calgary
CUST00460,Mia Jones,mia.jones469@bigpond.com,Male,2004-10-01,2021-01-09,Australia,Brisbane
CUST00461,Charlotte MacDonald,charlotte.macdonald947@hotmail.ca,Male,1975-07-31,2021-09-20,Canada,Montreal
CUST00462,Isabella Miller,isabella.miller624@icloud.com,Female,1984-07-18,2023-03-26,USA,Houston
CUST00463,Beatriz Oliveira,beatriz.oliveira423@yahoo.com.br,Female,1988-02-29,2024-12-28,Brazil,Fortaleza
CUST00464,Noah Brown,noah.brown704@outlook.com,Male,1971-11-26,2024-12-25,Australia,Canberra
CUST00465,Isla White,isla.white728@outlook.com,Male,1991-08-08,2024-02-26,Australia,Melbourne
CUST00466,Sofia Weber,sofia.weber828@t-online.de,Female,2006-11-23,2021-08-07,Germany,Berlin
CUST00467,James Smith,james.smith274@yahoo.com,Male,1985-09-17,2024-10-31,USA,Chicago
CUST00468,Charlie Taylor,charlie.taylor368@gmail.com,Male,1969-03-12,2024-06-15,UK,Edinburgh
CUST00469,Sara Saeed,sara.saeed524@yahoo.com,Male,1964-03-19,2023-02-21,UAE,Ras Al Khaimah
CUST00470,Sofia Müller,sofia.müller762@gmail.com,Female,1978-03-21,2024-06-24,Germany,Cologne
CUST00471,Omar Al Rashid,omar.alrashid795@yahoo.com,Female,1986-05-23,2023-07-09,UAE,Ajman
CUST00472,Robert Williams,robert.williams387@gmail.com,Male,1998-06-11,2022-07-26,USA,New York
CUST00473,Ethan White,ethan.white6@outlook.com,Male,2001-11-01,2024-12-24,Canada,Edmonton
CUST00474,Ming Wong,ming.wong793@gmail.com,Male,2004-01-04,2024-03-18,Singapore,Bedok
CUST00475,Olivia Johnson,olivia.johnson980@yahoo.ca,Male,2006-09-15,2021-05-20,Canada,Montreal
CUST00476,Aisha Hamdan,aisha.hamdan95@hotmail.com,Male,1979-11-05,2022-03-13,UAE,Fujairah
CUST00477,Charlotte Wilson,charlotte.wilson974@yahoo.com.au,Female,1960-10-15,2021-08-23,Australia,Hobart
CUST00478,Noah Harris,noah.harris982@yahoo.com.au,Female,1988-10-16,2023-02-21,Australia,Sydney
CUST00479,Yi Ong,yi.ong26@outlook.com,Male,2006-02-20,2023-11-08,Singapore,Ang Mo Kio
CUST00480,Noah Fischer,noah.fischer527@gmx.de,Male,1968-08-10,2021-12-09,Germany,Munich
CUST00481,Lucas Souza,lucas.souza886@yahoo.com.br,Male,1969-04-28,2022-02-26,Brazil,Curitiba
CUST00482,Noah Tremblay,noah.tremblay471@gmail.com,Female,1963-05-26,2021-06-29,Canada,Edmonton
CUST00483,David Wilson,david.wilson589@gmail.com,Male,1983-03-16,2023-04-15,USA,Houston
CUST00484,Emma Meyer,emma.meyer399@gmail.com,Female,1960-07-12,2024-08-06,Germany,Munich
CUST00485,Mia Smith,mia.smith367@gmail.com,Male,1986-01-01,2024-11-05,Australia,Melbourne
CUST00486,Charlie Wilson,charlie.wilson405@hotmail.co.uk,Male,2002-07-10,2021-11-17,UK,London
CUST00487,Emma Johnson,emma.johnson984@outlook.com,Male,1986-09-27,2024-10-19,Canada,Montreal
CUST00488,Wei Chan,wei.chan127@yahoo.com.sg,Female,1960-06-13,2024-03-18,Singapore,Singapore City
CUST00489,Mason Martin,mason.martin217@outlook.com,Male,2005-12-25,2021-10-19,Canada,Winnipeg
CUST00490,Ava Jones,ava.jones118@yahoo.com,Male,1964-11-17,2024-01-30,USA,Chicago
CUST00491,Noah Schmidt,noah.schmidt101@gmx.de,Male,2003-09-16,2022-11-09,Germany,Frankfurt
CUST00492,George Brown,george.brown922@gmail.com,Male,1988-07-05,2023-09-23,UK,Leeds
CUST00493,Lena Schneider,lena.schneider828@gmx.de,Female,1998-06-04,2021-12-12,Germany,Stuttgart
CUST00494,William Miller,william.miller861@outlook.com,Male,1972-01-18,2024-10-23,USA,Dallas
CUST00495,Ava Thomas,ava.thomas794@outlook.com,Female,2003-09-09,2024-02-04,Australia,Adelaide
CUST00496,David Williams,david.williams270@yahoo.com,Male,1966-10-06,2021-02-08,USA,Los Angeles
CUST00497,Layla Mansoor,layla.mansoor788@hotmail.com,Male,1963-04-16,2024-02-04,UAE,Ajman
CUST00498,Harry Davies,harry.davies229@hotmail.co.uk,Female,1972-01-05,2023-08-10,UK,Glasgow
CUST00499,Emma Meyer,emma.meyer679@gmail.com,Male,1974-11-17,2023-11-19,Germany,Frankfurt
CUST00500,Robert Taylor,robert.taylor754@yahoo.com,Male,1992-03-10,2021-03-24,USA,Miami
